Date,Sno,Cummlative cases,Death ,Recoverd ,Active cases 
2/3/20,1,1,0,0,1
3/3/20,2,1,0,0,1
4/3/20,3,2,0,0,2
5/3/20,4,5,0,0,5
6/3/20,5,5,0,0,5
7/3/20,6,7,0,0,7
8/3/20,7,11,0,0,11
9/3/20,8,15,0,0,15
10/3/20,9,20,0,0,20
11/3/20,10,21,0,0,21
12/3/20,11,45,0,1,44
13/03/2020,12,86,0,1,85
14/03/2020,13,103,0,2,101
15/03/2020,14,118,0,3,115
16/03/2020,15,133,0,6,127
17/03/2020,16,171,0,6,165
18/03/2020,17,238,0,8,230
19/03/2020,18,274,0,8,266
20/03/2020,19,344,0,8,336
21/03/2020,20,392,0,24,368
22/03/2020,21,511,0,24,487
23/03/2020,22,562,0,24,538
24/03/2020,23,767,1,28,738
25/03/2020,24,900,2,29,869
26/03/2020,25,1012,3,33,976
27/03/2020,26,1104,3,35,1066
28/03/2020,27,1203,4,37,1162
29/03/2020,28,1299,8,66,1225
30/03/2020,29,1453,8,115,1330
31/03/2020,30,1563,10,165,1388
1/4/20,31,1720,16,264,1440
2/4/20,32,1885,21,328,1536
3/4/20,33,2039,25,351,1663
4/4/20,34,2221,29,420,1772
5/4/20,35,2402,34,488,1880
6/4/20,36,2605,38,551,2016
7/4/20,37,2932,41,631,2260
8/4/20,38,3287,44,666,2577
9/4/20,39,3651,47,685,2919
10/4/20,40,4033,52,720,3261
11/4/20,41,4462,59,761,3642
12/4/20,42,4934,65,805,4064
13/04/2020,43,5369,73,889,4407
14/04/2020,44,5862,79,931,4852
15/04/2020,45,6380,83,990,5307
16/04/2020,46,7142,87,1049,6006
17/04/2020,47,8274,92,1329,6853
18/04/2020,48,9362,97,1398,7867
19/04/2020,49,10484,103,1490,8891
20/04/2020,50,11631,109,1640,9882
21/04/2020,51,12772,114,1812,10846
22/04/2020,52,13930,121,1925,11884
23/04/2020,53,15102,127,2049,12926
24/04/2020,54,16299,136,2215,13948
25/04/2020,55,17522,139,2357,15026
26/04/2020,56,18811,144,2531,16136
27/04/2020,57,20077,152,2784,17141
28/04/2020,58,21402,157,2953,18292
29/04/2020,59,22753,162,3163,19428
30/04/2020,60,24097,169,3555,20373
1/5/20,61,25459,176,3765,21518
2/5/20,62,27011,184,4134,22693
3/5/20,63,28656,191,4476,23989
4/5/20,64,30251,200,5431,24620
5/5/20,65,31938,209,6783,24946
6/5/20,66,33731,219,7798,25714
7/5/20,67,35432,229,9120,26083
8/5/20,68,37136,239,10144,26753
9/5/20,69,39048,246,11457,27345
10/5/20,70,41014,255,12737,28022
11/5/20,71,42925,264,15257,27404
12/5/20,72,44830,273,17622,26935
13/05/2020,73,46869,283,19051,27535
14/05/2020,74,49176,292,21869,27015
15/05/2020,75,52016,302,23666,28048
16/05/2020,76,54752,312,25722,28718
17/05/2020,77,57345,320,28748,28277
18/05/2020,78,59854,329,31634,27891
19/05/2020,79,62545,339,33478,28728
20/05/2020,80,65077,351,36040,28686
21/05/2020,81,67719,364,39003,28352
22/05/2020,82,70161,379,41236,28546
23/05/2020,83,72560,390,43520,28650
24/05/2020,84,74795,399,45668,28728
25/05/2020,85,76726,411,48450,27865
26/05/2020,86,78541,425,51022,27094
27/05/2020,87,80185,441,54553,25191
28/05/2020,88,81766,458,57013,24295
29/05/2020,89,83384,480,58883,24021
30/05/2020,90,85261,503,62442,22316
31/05/2020,91,87142,525,64306,22311
1/6/20,92,89011,549,65790,22672
2/6/20,93,91182,579,68159,22444
3/6/20,94,93157,611,68965,23581
4/6/20,95,95748,642,70616,24490
5/6/20,96,98869,676,71791,26402
6/6/20,97,101914,712,72817,28385
7/6/20,98,105283,746,74524,30013
8/6/20,99,108571,783,76339,31449
9/6/20,100,112288,819,77954,33515
10/6/20,101,116021,857,80019,35145
11/6/20,102,119942,893,81029,38020
12/6/20,103,123308,932,82548,39828
13/06/2020,104,127541,972,84720,41849
14/06/2020,105,132048,1011,87890,43147
15/06/2020,106,136315,1052,89540,45723
16/06/2020,107,141234,1091,91662,48481
17/06/2020,108,145991,1139,93915,50937
18/06/2020,109,150292,1184,95764,53344
19/06/2020,110,154233,1230,98917,54086
20/06/2020,111,157612,1267,101130,55215
21/06/2020,112,161005,1307,105175,54523
22/06/2020,113,164144,1346,109885,52913
23/06/2020,114,167267,1387,112797,53083
24/06/2020,115,170639,1428,117882,51329
25/06/2020,116,174577,1474,120471,52632
26/06/2020,117,178504,1511,122128,54865
27/06/2020,118,182493,1551,124755,56187
28/06/2020,119,186436,1599,127118,57719
29/06/2020,120,190823,1649,130766,58408
30/06/2020,121,194225,1698,132760,59767
1/7/20,122,197608,1752,137669,58187
2/7/20,123,201801,1802,140614,59385
3/7/20,124,205929,1858,143256,60815
4/7/20,125,209509,1916,145236,62357
5/7/20,126,213716,1968,149634,62114
6/7/20,127,217108,2017,154839,60252
7/7/20,128,220144,2059,158050,60035
8/7/20,129,223327,2100,161096,60131
9/7/20,130,226500,2151,163035,61314
10/7/20,131,229480,2181,165396,61903
11/7/20,132,232259,2223,167138,62898
12/7/20,133,235111,2243,169842,63026
13/07/2020,134,237803,2283,177560,57960
14/07/2020,135,240490,2325,183064,55101
15/07/2020,136,243238,2370,187622,53246
16/07/2020,137,245851,2407,191161,52283
17/07/2020,138,248416,2447,194218,51751
18/07/2020,139,250920,2486,197735,50699
19/07/2020,140,253349,2523,203259,47567
20/07/2020,141,255825,2557,207259,46009
21/07/2020,142,258156,2601,210398,45157
22/07/2020,143,260394,2635,213490,44269
23/07/2020,144,262772,2672,215731,44369
24/07/2020,145,264973,2703,217782,44488
25/07/2020,146,266941,2733,220323,43885
26/07/2020,147,268934,2760,222936,43238
27/07/2020,148,270831,2789,225624,42418
28/07/2020,149,272590,2816,228569,41205
29/07/2020,150,274219,2842,231198,40179
30/07/2020,151,275905,2866,235658,37381
31/07/2020,152,277478,2887,237548,37043
1/8/20,153,278835,2917,240081,35837
2/8/20,154,280093,2949,242053,35091
3/8/20,155,281435,2984,243688,34763
4/8/20,156,282824,3020,245314,34490
5/8/20,157,284226,3055,247089,34082
6/8/20,158,285793,3093,248948,33752
7/8/20,159,287262,3130,250440,33692
8/8/20,160,288690,3167,252039,33484
9/8/20,161,289947,3199,253478,33270
10/8/20,162,291468,3233,255118,33117
11/8/20,163,293037,3269,257269,32499
12/8/20,164,294519,3303,260393,30823
13/08/2020,165,295902,3338,262959,29605
14/08/2020,166,297315,3369,264487,29459
15/08/2020,167,298542,3408,266953,28181
16/08/2020,168,299914,3436,268385,28093
17/08/2020,169,301323,3470,272911,24942
18/08/2020,170,302686,3506,274091,25089
19/08/2020,171,303973,3548,275476,24949
20/08/2020,172,305186,3580,277067,24539
21/08/2020,173,306370,3619,278441,24310
22/08/2020,174,307479,3649,280143,23687
23/08/2020,175,308654,3691,282888,22075
24/08/2020,176,309768,3722,283932,22114
25/08/2020,177,310836,3755,284945,22136
26/08/2020,178,311855,3785,286255,21815
27/08/2020,179,312924,3813,287403,21708
28/08/2020,180,313911,3840,288441,21630
29/08/2020,181,314821,3870,289667,21284
30/08/2020,182,315772,3897,290796,21079
31/08/2020,183,316670,3929,291514,21227
1/9/20,184,317486,3956,292510,21020
2/9/20,185,318319,3982,293964,20373
3/9/20,186,319141,4015,295063,20063
4/9/20,187,319932,4049,295842,20041
5/9/20,188,320688,4081,296737,19870
6/9/20,189,321456,4107,297623,19726
7/9/20,190,322237,4137,298246,19854
8/9/20,191,323012,4165,298966,19881
9/9/20,192,323720,4189,299998,19533
10/9/20,193,324407,4213,300933,19261
11/9/20,194,325050,4240,301836,18974
12/9/20,195,325651,4268,302870,18513
13/09/2020,196,326258,4305,303930,18023
14/09/2020,197,326930,4338,305022,17570
15/09/2020,198,327551,4369,306004,17178
16/09/2020,199,328144,4399,307207,16538
17/09/2020,200,328720,4430,308352,15938
18/09/2020,201,329271,4458,309430,15383
19/09/2020,202,329754,4485,310439,14830
20/09/2020,203,330246,4512,311499,14235
21/09/2020,204,330798,4542,312684,13572
22/09/2020,205,331359,4569,313786,13004
23/09/2020,206,331857,4599,314793,12465
24/09/2020,207,332329,4625,315636,12068
25/09/2020,208,332790,4655,316405,11730
26/09/2020,209,333193,4683,317005,11505
27/09/2020,210,333648,4712,317846,11090
28/09/2020,211,334187,4739,318542,10906
29/09/2020,212,334605,4768,319154,10683
30/09/2020,213,335097,4794,319746,10557
1/10/20,214,335578,4823,320348,10407
2/10/20,215,335997,4850,320974,10173
3/10/20,216,336387,4875,321485,10027
4/10/20,217,336766,4898,322055,9813
5/10/20,218,337243,4923,322612,9708
6/10/20,219,337711,4947,323208,9556
7/10/20,220,338132,4972,323769,9391
8/10/20,221,338539,4996,324282,9261
9/10/20,222,338944,5018,324737,9189
10/10/20,223,339267,5043,325330,8894
11/10/20,224,339615,5068,325839,8708
12/10/20,225,340089,5087,326339,8663
13/10/2020,226,340590,5108,326820,8662
14/10/2020,227,341062,5127,327327,8608
15/10/2020,228,341495,5144,327795,8556
16/10/2020,229,341854,5165,328165,8524
17/10/2020,230,342202,5185,328538,8479
18/10/2020,231,342583,5201,328895,8487
19/10/2020,232,342968,5217,329270,8481
20/10/2020,233,343373,5235,329715,8423
21/10/2020,234,343774,5250,330181,8343
22/10/2020,235,344157,5264,330578,8315
23/10/2020,236,344552,5281,330995,8276
24/10/2020,237,344875,5296,331330,8249
25/10/2020,238,345232,5313,331691,8228
26/10/2020,239,345631,5329,332117,8185
27/10/2020,240,346047,5348,332550,8149
28/10/2020,241,346482,5363,333005,8114
29/10/2020,242,346880,5383,333409,8088
30/10/2020,243,347282,5402,333842,8038
31/10/2020,244,347656,5420,334236,8000
1/11/20,245,348037,5437,334672,7928
2/11/20,246,348510,5456,335153,7901
3/11/20,247,348936,5471,335594,7871
4/11/20,248,349386,5489,336068,7829
5/11/20,249,349822,5506,336533,7783
6/11/20,250,350229,5525,336966,7738
7/11/20,251,350592,5540,337386,7666
8/11/20,252,350984,5559,337788,7637
9/11/20,253,351455,5576,338281,7598
10/11/20,254,351849,5590,338702,7557
11/11/20,255,352160,5605,339114,7441
12/11/20,256,352601,5625,339568,7408
13/11/2020,257,352950,5641,339947,7362
14/11/2020,258,353255,5657,340304,7294
15/11/2020,259,353556,5676,340668,7212
16/11/2020,260,353918,5692,341104,7122
17/11/2020,261,354208,5710,341515,6983
18/11/2020,262,354527,5729,341956,6842
19/11/2020,263,354813,5745,342404,6664
20/11/2020,264,355034,5761,342882,6391
21/11/2020,265,355258,5780,343371,6107
22/11/2020,266,355489,5796,343816,5877
23/11/2020,267,355741,5811,344311,5619
24/11/2020,268,356067,5825,344787,5455
25/11/2020,269,356389,5840,345215,5334
26/11/2020,270,356691,5857,345622,5212
27/11/2020,271,356911,5870,346023,5018
28/11/2020,272,357128,5884,346409,4835
29/11/2020,273,357360,5896,346802,4662
30/11/2020,274,357623,5907,347176,4540
1/12/20,275,357872,5919,347513,4440
2/12/20,276,358102,5930,347881,4291
3/12/20,277,358336,5940,348238,4158
4/12/20,278,358526,5954,348562,4010
5/12/20,279,358713,5965,348879,3869
6/12/20,280,358922,5977,349168,3777
7/12/20,281,359115,5989,349414,3712
8/12/20,282,359274,6002,349624,3648
9/12/20,283,359415,6012,349872,3531
10/12/20,284,359583,6023,350108,3452
11/12/20,285,359749,6036,350347,3366
12/12/20,286,359888,6048,350549,3291
13/12/2020,287,360013,6059,350792,3162
14/12/2020,288,360155,6069,350993,3093
15/12/2020,289,360335,6080,351192,3063
16/12/2020,290,360516,6091,351365,3060
17/12/2020,291,360690,6101,351573,3016
18/12/2020,292,360848,6112,351722,3014
19/12/2020,293,361010,6122,351878,3010
20/12/2020,294,361178,6131,352089,2958
21/12/2020,295,361359,6139,352249,2971
22/12/2020,296,361536,6148,352418,2970
23/12/2020,297,361725,6159,352608,2958
24/12/2020,298,361903,6168,352815,2920
25/12/2020,299,362066,6176,353004,2886
26/12/2020,300,362220,6185,353179,2856
27/12/2020,301,362339,6196,353353,2790
28/12/2020,302,362488,6204,353512,2772
29/12/2020,303,362601,6214,353682,2705
30/12/2020,304,362741,6223,353853,2665
31/12/2020,305,362878,6230,354081,2567
1/1/21,306,362979,6239,354263,2477
2/1/21,307,363061,6246,354443,2372
3/1/21,308,363155,6256,354609,2290
4/1/21,309,363259,6265,354755,2239
5/1/21,310,363377,6272,354899,2206
6/1/21,311,363485,6278,355037,2170
7/1/21,312,363582,6282,355208,2092
8/1/21,313,363692,6286,355382,2024
9/1/21,314,363809,6291,355548,1970
10/1/21,315,363949,6295,355706,1948
11/1/21,316,364096,6300,355857,1939
12/1/21,317,364271,6304,356013,1954
13/01/2021,318,364440,6310,356201,1929
14/01/2021,319,364613,6313,356382,1918
15/01/2021,320,364753,6318,356541,1894
16/01/2021,321,364929,6323,356687,1919
17/01/2021,322,365099,6329,356848,1922
18/01/2021,323,365325,6335,357004,1986
19/01/2021,324,365563,6338,357177,2048
20/01/2021,325,365775,6342,357337,2096
21/01/2021,326,365988,6346,357525,2117
22/01/2021,327,366185,6350,357728,2107
23/01/2021,328,366371,6352,357939,2080
24/01/2021,329,366584,6355,358137,2092
25/01/2021,330,366807,6359,358340,2108
26/01/2021,331,367023,6363,358545,2115
27/01/2021,332,367276,6366,358753,2157
28/01/2021,333,367543,6368,359006,2169
29/01/2021,334,367813,6372,359299,2142
30/01/2021,335,368074,6375,359573,2126
31/01/2021,336,368329,6379,359839,2111
1/2/21,337,368639,6383,360110,2146
2/2/21,338,368945,6386,360400,2159
3/2/21,339,369248,6389,360697,2162
4/2/21,340,369575,6393,360954,2228
5/2/21,341,369961,6397,361237,2327
6/2/21,342,370278,6402,361515,2361
7/2/21,343,370634,6406,361813,2415
8/2/21,344,370987,6410,362062,2515
9/2/21,345,371356,6415,362368,2573
10/2/21,346,371720,6420,362642,2658
11/2/21,347,372073,6424,362947,2702
12/2/21,348,372410,6429,363303,2678
13/02/2021,349,372732,6433,363585,2714
14/02/2021,350,373046,6438,363926,2682
15/02/2021,351,373368,6441,364297,2630
16/02/2021,352,373702,6445,364646,2611
17/02/2021,353,374029,6450,365017,2562
18/02/2021,354,374366,6454,365363,2549
19/02/2021,355,374691,6457,365745,2489
20/02/2021,356,375006,6461,366094,2451
21/02/2021,357,375333,6466,366412,2455
22/02/2021,358,375668,6470,366735,2463
23/02/2021,359,376021,6475,367015,2531
24/02/2021,360,376377,6480,367323,2574
25/02/2021,361,376723,6483,367691,2549
26/02/2021,362,377061,6488,368011,2562
27/02/2021,363,377383,6494,368305,2584
28/02/2021,364,377700,6500,368640,2560
1/3/21,365,378002,6505,368926,2571
2/3/21,366,378333,6510,369277,2546
3/3/21,367,378708,6514,369613,2581
4/3/21,368,379092,6519,369922,2651
5/3/21,369,379474,6524,370300,2650
6/3/21,370,379831,6528,370614,2689
7/3/21,371,380182,6534,371032,2616
8/3/21,372,380572,6539,371338,2695
9/3/21,373,380958,6545,371583,2830
10/3/21,374,381348,6551,371850,2947
11/3/21,375,381708,6556,372217,2935
12/3/21,376,382059,6563,372456,3040
13/03/2021,377,382407,6567,372703,3137
14/03/2021,378,382752,6573,372926,3253
15/03/2021,379,383106,6578,373130,3398
16/03/2021,380,383499,6585,373361,3553
17/03/2021,381,383880,6591,373601,3688
18/03/2021,382,384271,6596,373864,3811
19/03/2021,383,384653,6602,374135,3916
20/03/2021,384,385020,6609,374412,3999
21/03/2021,385,385424,6613,374799,4012
22/03/2021,386,385834,6618,375165,4051
23/03/2021,387,386300,6624,375471,4205
24/03/2021,388,386782,6630,375831,4321
25/03/2021,389,387292,6637,376203,4452
26/03/2021,390,387794,6643,376558,4593
27/03/2021,391,388325,6650,376947,4728
28/03/2021,392,388866,6656,377304,4906
29/03/2021,393,389422,6663,377714,5045
30/03/2021,394,390007,6669,378083,5255
31/03/2021,395,390597,6676,378469,5452
1/4/21,396,391325,6684,378873,5768
2/4/21,397,392009,6690,379312,6007
3/4/21,398,392682,6697,379816,6169
4/4/21,399,393377,6704,380305,6368
5/4/21,400,394169,6711,380772,6686
6/4/21,401,394952,6719,381189,7044
7/4/21,402,395854,6728,381658,7468
8/4/21,403,396758,6737,382198,7823
9/4/21,404,397636,6747,382773,8116
10/4/21,405,398435,6754,383321,8360
11/4/21,406,399277,6765,384027,8485
12/4/21,407,400228,6773,384635,8820
13/04/2021,408,401157,6781,385441,8935
14/04/2021,409,402142,6791,386102,9249
15/04/2021,410,403106,6801,387020,9285
16/04/2021,411,404054,6810,387795,9449
17/04/2021,412,404970,6823,388702,9445
18/04/2021,413,405940,6834,389598,9508
19/04/2021,414,407010,6846,390538,9626
20/04/2021,415,408038,6858,391362,9818
21/04/2021,416,409093,6869,392448,9776
22/04/2021,417,410191,6878,393671,9642
23/04/2021,418,411263,6887,394529,9847
24/04/2021,419,412216,6900,395557,9759
25/04/2021,420,413174,6913,396604,9657
26/04/2021,421,414219,6922,397587,9710
27/04/2021,422,415281,6935,398454,9892
28/04/2021,423,416307,6946,399509,9852
29/04/2021,424,417363,6957,400580,9826
30/04/2021,425,418411,6968,401544,9899
1/5/21,426,419348,6979,402664,9705
2/5/21,427,420301,6992,403702,9607
3/5/21,428,421300,7006,404707,9587
4/5/21,429,422316,7018,405607,9691
5/5/21,430,423406,7032,406589,9785
6/5/21,431,424445,7045,407650,9750
7/5/21,432,425442,7059,408676,9707
8/5/21,433,426384,7072,409740,9572
9/5/21,434,427370,7085,410816,9469
10/5/21,435,428369,7098,412102,9169
11/5/21,436,429389,7111,413010,9268
12/5/21,437,430505,7122,414139,9244
13/05/2021,438,431432,7134,415747,8551
14/05/2021,439,432269,7147,416759,8363
15/05/2021,440,433094,7162,417787,8145
16/05/2021,441,433980,7174,418914,7892
17/05/2021,442,435026,7188,419761,8077
18/05/2021,443,436239,7201,420671,8367
19/05/2021,444,437569,7214,421726,8629
20/05/2021,445,438705,7224,422706,8775
21/05/2021,446,439847,7237,423795,8815
22/05/2021,447,440914,7249,424690,8975
23/05/2021,448,442071,7264,425677,9130
24/05/2021,449,443460,7278,426589,9593
25/05/2021,450,444780,7295,427462,10023
26/05/2021,451,445963,7309,428502,10152
27/05/2021,452,447178,7320,429663,10195
28/05/2021,453,448284,7334,430937,10013
29/05/2021,454,449191,7347,432138,9706
30/05/2021,455,450436,7362,433413,9661
31/05/2021,456,451687,7377,434439,9871
1/6/21,457,452956,7393,435520,10043
2/6/21,458,454217,7408,436884,9925
3/6/21,459,455418,7424,438206,9788
4/6/21,460,456562,7440,439459,9663
5/6/21,461,457546,7456,440644,9446
6/6/21,462,458707,7471,441860,9376
7/6/21,463,459968,7488,442782,9698
8/6/21,464,461242,7503,443810,9929
9/6/21,465,462528,7519,444792,10217
10/6/21,466,463703,7537,446054,10112
11/6/21,467,464780,7553,446960,10267
12/6/21,468,465797,7572,448093,10132
13/06/2021,469,466906,7590,449241,10075
14/06/2021,470,468175,7606,450255,10314
15/06/2021,471,469414,7621,451187,10606
16/06/2021,472,470723,7635,452209,10879
17/06/2021,473,471959,7650,453259,11050
18/06/2021,474,473112,7663,454404,11045
19/06/2021,475,474191,7677,455618,10896
20/06/2021,476,475403,7691,457128,10584
21/06/2021,477,476882,7703,458048,11131
22/06/2021,478,478135,7716,459091,11328
23/06/2021,479,479390,7730,460338,11322
24/06/2021,480,480702,7743,461628,11331
25/06/2021,481,482003,7760,463004,11239
26/06/2021,482,483221,7775,464256,11190
27/06/2021,483,484539,7789,465546,11204
28/06/2021,484,486106,7804,466578,11724
29/06/2021,485,487592,7819,467633,12140
30/06/2021,486,489126,7832,469120,12174
1/7/21,487,490464,7848,470328,12288
2/7/21,488,491612,7863,471550,12199
3/7/21,489,492785,7876,472939,11970
4/7/21,490,494032,7891,474368,11773
5/7/21,491,495309,7907,475448,11954
6/7/21,492,496516,7921,476643,11952
7/7/21,493,497773,7933,478127,11713
8/7/21,494,498906,7947,479709,11250
9/7/21,495,500083,7963,481225,10895
10/7/21,496,501195,7976,482414,10805
11/7/21,497,502439,7992,483937,10510
12/7/21,498,503734,8006,484883,10845
13/07/2021,499,504960,8020,486011,10929
14/07/2021,500,506125,8035,486918,11172
15/07/2021,501,507423,8048,488346,11029
16/07/2021,502,508521,8063,489553,10905
17/07/2021,503,509576,8075,490696,10805
18/07/2021,504,510869,8089,492149,10631
19/07/2021,505,512142,8103,493240,10799
20/07/2021,506,513284,8115,494264,10905
21/07/2021,507,514446,8130,495650,10666
22/07/2021,508,515693,8141,496810,10742
23/07/2021,509,516949,8155,497965,10829
24/07/2021,510,518143,8167,499129,10847
25/07/2021,511,519395,8179,500428,10788
26/07/2021,512,520774,8189,501449,11136
27/07/2021,513,522108,8200,502528,11380
28/07/2021,514,523397,8212,503827,11358
29/07/2021,515,524584,8226,505003,11355
30/07/2021,516,525730,8237,506089,11404
31/07/2021,517,526814,8249,507374,11191
1/8/21,518,527877,8259,508994,10624
2/8/21,519,528952,8270,510107,10575
3/8/21,520,529995,8284,511318,10393
4/8/21,521,530981,8297,512373,10311
5/8/21,522,531935,8311,513387,10237
6/8/21,523,532785,8320,514362,10103
7/8/21,524,533516,8334,514982,10200
8/8/21,525,534312,8345,515539,10428
9/8/21,526,535176,8357,515990,10829
10/8/21,527,535927,8366,517379,10182
11/8/21,528,536693,8378,518911,9404
12/8/21,529,537374,8388,520358,8628
13/08/2021,530,537983,8399,522009,7575
14/08/2021,531,538525,8412,523050,7063
15/08/2021,532,539129,8419,524061,6649
16/08/2021,533,539698,8431,524765,6502
17/08/2021,534,540244,8439,525559,6246
18/08/2021,535,540743,8449,526436,5858
19/08/2021,536,541201,8458,527189,5554
20/08/2021,537,541610,8469,527899,5242
21/08/2021,538,541994,8481,528636,4877
22/08/2021,539,542354,8490,529377,4487
23/08/2021,540,542707,8497,529833,4377
24/08/2021,541,543028,8505,530382,4141
25/08/2021,542,543318,8512,530917,3889
26/08/2021,543,543562,8520,531324,3718
27/08/2021,544,543796,8526,531733,3537
28/08/2021,545,544004,8532,532126,3346
29/08/2021,546,544225,8539,532512,3174
30/08/2021,547,544449,8545,532850,3054
31/08/2021,548,544634,8552,533151,2931
1/9/21,549,544811,8560,533430,2821
2/9/21,550,544985,8565,533632,2788
3/9/21,551,545123,8572,533843,2708
4/9/21,552,545243,8579,534062,2602
5/9/21,553,545367,8585,534279,2503
6/9/21,554,545505,8591,534451,2463
7/9/21,555,545624,8598,534639,2387
8/9/21,556,545727,8604,534834,2289
9/9/21,557,545829,8610,534908,2311
10/9/21,558,545912,8617,534983,2312
11/9/21,559,545992,8623,535078,2291
12/9/21,560,546067,8628,535144,2295
13/09/2021,561,546163,8633,535190,2340
14/09/2021,562,546251,8640,535260,2351
15/09/2021,563,546336,8645,535309,2382
16/09/2021,564,546411,8651,535373,2387
17/09/2021,565,546479,8656,535450,2373
18/09/2021,566,546549,8661,535531,2357
19/09/2021,567,546612,8667,535602,2343
20/09/2021,568,546681,8672,535650,2359
21/09/2021,569,546735,8679,535711,2345
22/09/2021,570,546792,8684,535783,2325
23/09/2021,571,546843,8688,535842,2313
24/09/2021,572,546882,8694,535892,2296
25/09/2021,573,546926,8699,535950,2277
26/09/2021,574,546985,8704,536026,2255
27/09/2021,575,547035,8709,536079,2247
28/09/2021,576,547090,8713,536125,2252
29/09/2021,577,547134,8716,536178,2240
30/09/2021,578,547179,8719,536226,2234
1/10/21,579,547221,8722,536281,2218
2/10/21,580,547262,8724,536330,2208
3/10/21,581,547315,8727,536370,2218
4/10/21,582,547357,8730,536406,2221
5/10/21,583,547402,8732,536447,2223
6/10/21,584,547449,8736,536493,2220
7/10/21,585,547497,8739,536534,2224
8/10/21,586,547532,8743,536585,2204
9/10/21,587,547591,8745,536626,2220
10/10/21,588,547649,8748,536678,2223
11/10/21,589,547704,8751,536724,2229
12/10/21,590,547761,8753,536768,2240
13/10/2021,591,547797,8755,536817,2225
14/10/2021,592,547845,8758,536859,2228
15/10/2021,593,547890,8760,536900,2230
16/10/2021,594,547931,8763,536947,2221
17/10/2021,595,547969,8765,536999,2205
18/10/2021,596,548018,8767,537037,2214
19/10/2021,597,548065,8770,537095,2200
20/10/2021,598,548111,8773,537149,2189
21/10/2021,599,548162,8774,537208,2180
22/10/2021,600,548205,8776,537246,2183
23/10/2021,601,548252,8778,537282,2192
24/10/2021,602,548303,8780,537338,2185
25/10/2021,603,548368,8782,537376,2210
26/10/2021,604,548423,8785,537418,2220
27/10/2021,605,548474,8788,537453,2233
28/10/2021,606,548530,8790,537502,2238
29/10/2021,607,548571,8793,537534,2244
30/10/2021,608,548617,8794,537570,2253
31/10/2021,609,548666,8796,537605,2265
1/11/21,610,548711,8798,537653,2260
2/11/21,611,548760,8799,537690,2271
3/11/21,612,548805,8800,537722,2283
4/11/21,613,548848,8802,537761,2285
5/11/21,614,548890,8803,537794,2293
6/11/21,615,548930,8804,537858,2268
7/11/21,616,548973,8805,537933,2235
8/11/21,617,549022,8806,537990,2226
9/11/21,618,549060,8807,538049,2204
10/11/21,619,549103,8809,538100,2194
11/11/21,620,549148,8810,538160,2178
12/11/21,621,549192,8811,538201,2180
13/11/2021,622,549222,8813,538274,2135
14/11/2021,623,549260,8816,538329,2115
15/11/2021,624,549297,8818,538373,2106
16/11/2021,625,549339,8820,538412,2107
17/11/2021,626,549377,8821,538463,2093
18/11/2021,627,549412,8822,538505,2085
19/11/2021,628,549443,8823,538542,2078
20/11/2021,629,549479,8824,538590,2065
21/11/2021,630,549518,8826,538640,2052
22/11/2021,631,549556,8827,538672,2057
23/11/2021,632,549590,8828,538702,2060
24/11/2021,633,549618,8829,538740,2049
25/11/2021,634,549642,8830,538784,2028
26/11/2021,635,549671,8832,538824,2015
27/11/2021,636,549695,8833,538856,2006
28/11/2021,637,549720,8834,538885,2001
29/11/2021,638,549752,8836,538913,2003
30/11/2021,639,549786,8837,538939,2010
1/12/21,640,549810,8839,538966,2005
2/12/21,641,549848,8840,538990,2018
3/12/21,642,549877,8842,539011,2024
4/12/21,643,549912,8844,539056,2012
5/12/21,644,549955,8845,539082,2028
6/12/21,645,549997,8847,539141,2009
7/12/21,646,550043,8849,539205,1989
8/12/21,647,550088,8850,539277,1961
9/12/21,648,550136,8851,539338,1947
10/12/21,649,550189,8852,539409,1928
11/12/21,650,550240,8853,539477,1910
12/12/21,651,550304,8855,539554,1895
13/12/2021,652,550369,8856,539636,1877
14/12/2021,653,550457,8857,539712,1888
15/12/2021,654,550542,8858,539793,1891
16/12/2021,655,550622,8860,539885,1877
17/12/2021,656,550738,8861,539981,1896
18/12/2021,657,550842,8862,540079,1901
19/12/2021,658,550988,8864,540178,1946
20/12/2021,659,551210,8865,540284,2061
21/12/2021,660,551462,8867,540393,2202
22/12/2021,661,551749,8868,540506,2375
23/12/2021,662,552081,8869,540627,2585
24/12/2021,663,552406,8870,540744,2792
25/12/2021,664,552795,8871,540868,3056
26/12/2021,665,553319,8872,541010,3437
27/12/2021,666,553921,8873,541157,3891
28/12/2021,667,554665,8874,541388,4403
29/12/2021,668,555417,8875,541614,4928
30/12/2021,669,556236,8877,541853,5506
31/12/2021,670,557082,8878,542115,6089
1/1/22,671,558106,8879,542413,6814
2/1/22,672,559852,8881,542754,8217
3/1/22,673,562437,8883,543129,10425
4/1/22,674,565482,8886,543553,13043
5/1/22,675,568650,8888,544161,15601
6/1/22,676,572225,8890,544978,18357
7/1/22,677,575293,8892,545771,20630
8/1/22,678,578753,8893,546614,23246
9/1/22,679,583531,8895,547507,27129
10/1/22,680,588183,8897,549558,29728
11/1/22,681,593545,8899,552057,32589
12/1/22,682,599044,8901,555035,35108
13/01/2022,683,604672,8903,558546,37223
14/01/2022,684,609953,8905,561542,39506
15/01/2022,685,615430,8906,564947,41577
16/01/2022,686,620935,8908,569296,42731
17/01/2022,687,626808,8910,573831,44067
18/01/2022,688,632736,8912,578812,45012
19/01/2022,689,638327,8914,584050,45363
20/01/2022,690,643211,8916,590140,44155
21/01/2022,691,647819,8918,594762,44139
22/01/2022,692,652354,8920,599834,43600
23/01/2022,693,657192,8922,606130,42140
24/01/2022,694,661733,8924,611342,41467
25/01/2022,695,666259,8927,617114,40218
26/01/2022,696,670997,8929,622087,39981
27/01/2022,697,675471,8931,626532,40008
28/01/2022,698,679384,8933,630816,39635
29/01/2022,699,683053,8936,635191,38926
30/01/2022,700,687264,8940,640353,37971
31/01/2022,701,691125,8941,644730,37454
1/2/22,702,695217,8943,649334,36940
2/2/22,703,699069,8947,653972,36150
3/2/22,704,702624,8950,657995,35679
4/2/22,705,705637,8953,662819,33865
5/2/22,706,708897,8954,666697,33246
6/2/22,707,712644,8957,670780,32907
7/2/22,708,715974,8959,674244,32771
8/2/22,709,719136,8962,678332,31842
9/2/22,710,722002,8965,681711,31326
10/2/22,711,724525,8969,685536,30020
11/2/22,712,726251,8971,688519,28761
12/2/22,713,728387,8973,692001,27413
13/02/2022,714,730614,8974,695470,26170
14/02/2022,715,732596,8975,698842,24779
15/02/2022,716,734389,8977,702049,23363
16/02/2022,717,735958,8978,704896,22084
17/02/2022,718,737334,8981,707492,20861
18/02/2022,719,738331,8982,709420,19929
19/02/2022,720,739344,8984,711556,18804
20/02/2022,721,740396,8986,713592,17818
21/02/2022,722,741237,8987,715514,16736
22/02/2022,723,741864,8990,717394,15480
23/02/2022,724,742541,8991,718979,14571
24/02/2022,725,743205,8993,720388,13824
25/02/2022,726,743742,8994,721473,13275
26/02/2022,727,744374,8996,722468,12910
27/02/2022,728,745027,8998,723549,12480
28/02/2022,729,745590,9001,724388,12201
1/3/22,730,746066,9002,725107,11957
2/3/22,731,746473,9004,725792,11677
3/3/22,732,746836,9005,726351,11480
4/3/22,733,747119,9006,726876,11237
5/3/22,734,747436,9008,727544,10884
6/3/22,735,747715,9009,728189,10517
7/3/22,736,747934,9011,728723,10200
8/3/22,737,748121,9013,729206,9902
9/3/22,738,748311,9014,729661,9636
10/3/22,739,748489,9016,730038,9435
11/3/22,740,748624,9017,730355,9252
12/3/22,741,748769,9018,730690,9061
13/03/2022,742,748915,9020,731004,8891
14/03/2022,743,749044,9021,731219,8804
15/03/2022,744,749171,9023,731440,8708
16/03/2022,745,749268,9024,731638,8606
17/03/2022,746,749373,9025,731831,8517
18/03/2022,747,749471,9027,731959,8485
19/03/2022,748,749597,9028,732113,8456
20/03/2022,749,749730,9030,732284,8416
21/03/2022,750,749855,9032,732454,8369
22/03/2022,751,749965,9033,732596,8336
23/03/2022,752,750080,9034,732741,8305
24/03/2022,753,750179,9036,732939,8204
25/03/2022,754,750258,9038,733146,8074
26/03/2022,755,750356,9039,733365,7952
27/03/2022,756,750483,9040,733592,7851
28/03/2022,757,750589,9042,733811,7736
29/03/2022,758,750707,9043,734041,7623
30/03/2022,759,750814,9045,734283,7486
31/03/2022,760,750910,9046,734547,7317
1/4/22,761,750998,9047,734820,7131
2/4/22,762,751076,9048,735105,6923
3/4/22,763,751180,9050,735401,6729
4/4/22,764,751296,9050,735699,6547
5/4/22,765,751404,9053,736013,6338
6/4/22,766,751518,9054,736316,6148
7/4/22,767,751622,9055,736615,5952
8/4/22,768,751717,9055,736910,5752
9/4/22,769,751813,9058,737199,5556
10/4/22,770,751943,9058,737482,5403
11/4/22,771,752078,9060,737748,5270
12/4/22,772,752188,9062,738011,5115
13/04/2022,773,752291,9063,738266,4962
14/04/2022,774,752396,9066,738531,4799
15/04/2022,775,752479,9068,738780,4631
16/04/2022,776,752572,9069,739037,4466
17/04/2022,777,752705,9069,739296,4340
18/04/2022,778,752848,9072,739536,4240
19/04/2022,779,752994,9074,739767,4153
20/04/2022,780,753124,9075,740008,4041
21/04/2022,781,753241,9075,740244,3922
22/04/2022,782,753332,9076,740467,3789
23/04/2022,783,753417,9078,740672,3667
24/04/2022,784,753526,9079,740871,3576
25/04/2022,785,753632,9082,741058,3492
26/04/2022,786,753730,9084,741235,3411
27/04/2022,787,753822,9085,741389,3348
28/04/2022,788,753921,9086,741540,3295
29/04/2022,789,754011,9088,741673,3250
30/04/2022,790,754110,9089,741786,3235
1/5/22,791,754238,9093,741906,3239
2/5/22,792,754340,9093,742019,3228
3/5/22,793,754464,9094,742127,3243
4/5/22,794,754623,9096,742239,3288
5/5/22,795,754842,9099,742348,3395
6/5/22,796,755076,9099,742451,3526
7/5/22,797,755415,9103,742563,3749
8/5/22,798,755980,9104,742677,4199
9/5/22,799,756549,9104,742782,4663
10/5/22,800,757191,9108,742927,5156
11/5/22,801,757802,9110,743099,5593
12/5/22,802,758361,9111,743309,5941
13/05/2022,803,758795,9114,743572,6109
14/05/2022,804,759226,9116,743921,6189
15/05/2022,805,759856,9118,744327,6411
16/05/2022,806,760477,9121,744841,6515
17/05/2022,807,761079,9123,745397,6559
18/05/2022,808,761624,9124,746013,6487
19/05/2022,809,762164,9127,746525,6512
20/05/2022,810,762575,9128,746999,6448
21/05/2022,811,763042,9130,747492,6420
22/05/2022,812,763692,9131,748030,6531
23/05/2022,813,764249,9134,748571,6544
24/05/2022,814,764789,9135,749141,6513
25/05/2022,815,765305,9138,749704,6463
26/05/2022,816,765788,9140,750232,6416
27/05/2022,817,766196,9143,750645,6408
28/05/2022,818,766726,9144,751177,6405
29/05/2022,819,767412,9145,751798,6469
30/05/2022,820,768079,9148,752316,6615
31/05/2022,821,768648,9149,752839,6660
1/6/22,822,769423,9151,753407,6865
2/6/22,823,770085,9152,753887,7046
3/6/22,824,770650,9155,754378,7117
4/6/22,825,771302,9156,754956,7190
5/6/22,826,772269,9158,755619,7492
6/6/22,827,773221,9160,756255,7806
7/6/22,828,774250,9163,756871,8216
8/6/22,829,775205,9165,757529,8511
9/6/22,830,776137,9167,758188,8782
10/6/22,831,776890,9170,758821,8899
11/6/22,832,777795,9173,759567,9055
12/6/22,833,778983,9175,760490,9318
13/06/2022,834,780135,9176,761354,9605
14/06/2022,835,781168,9179,762215,9774
15/06/2022,836,782131,9180,763195,9756
16/06/2022,837,783076,9183,764094,9799
17/06/2022,838,783907,9185,764898,9824
18/06/2022,839,784837,9188,765890,9759
19/06/2022,840,786069,9189,767042,9838
20/06/2022,841,787212,9191,768087,9934
21/06/2022,842,788294,9194,769018,10082
22/06/2022,843,789296,9195,770077,10024
23/06/2022,844,790223,9198,771081,9944
24/06/2022,845,790957,9198,772004,9755
25/06/2022,846,791784,9201,772979,9604
26/06/2022,847,792860,9202,773962,9696
27/06/2022,848,793729,9205,774954,9570
28/06/2022,849,794488,9207,775951,9330
29/06/2022,850,795186,9208,776954,9024
30/06/2022,851,795811,9209,777925,8677
1/7/22,852,796268,9211,778679,8378
2/7/22,853,796771,9211,779586,7974
3/7/22,854,797374,9211,780532,7631
4/7/22,855,797940,9212,781314,7414
5/7/22,856,798474,9215,782088,7171
6/7/22,857,798977,9218,782818,6941
7/7/22,858,799435,9219,783451,6765
8/7/22,859,799788,9220,783926,6642
9/7/22,860,800087,9221,784478,6388
10/7/22,861,800462,9221,785107,6134
11/7/22,862,800869,9223,785622,6024
12/7/22,863,801349,9225,786220,5904
13/07/2022,864,801935,9228,786711,5996
14/07/2022,865,802586,9229,787198,6159
15/07/2022,866,803158,9230,787599,6329
16/07/2022,867,803764,9232,787966,6566
17/07/2022,868,804570,9233,788371,6966
18/07/2022,869,805277,9233,788760,7284
19/07/2022,870,805879,9233,789192,7454
20/07/2022,871,806401,9236,789766,7399
21/07/2022,872,806877,9237,790202,7438
22/07/2022,873,807215,9238,790778,7199
23/07/2022,874,807591,9239,791438,6914
24/07/2022,875,808053,9240,792205,6608
25/07/2022,876,808419,9243,792842,6334
26/07/2022,877,808742,9243,793416,6083
27/07/2022,878,809026,9245,793944,5837
28/07/2022,879,809274,9247,794435,5592
29/07/2022,880,809449,9250,794844,5355
30/07/2022,881,809672,9251,795289,5132
31/07/2022,882,809960,9252,795756,4952
1/8/22,883,810187,9255,796102,4830
2/8/22,884,810394,9255,796406,4733
3/8/22,885,810583,9257,796701,4625
4/8/22,886,810760,9257,797004,4499
5/8/22,887,810887,9260,797220,4407
6/8/22,888,811034,9261,797447,4326
7/8/22,889,811217,9261,797745,4211
8/8/22,890,811362,9263,797952,4147
9/8/22,891,811512,9264,798172,4076
10/8/22,892,811642,9265,798381,3996
11/8/22,893,811748,9266,798564,3918
12/8/22,894,811853,9269,798698,3886
13/08/2022,895,811958,9269,798805,3884
14/08/2022,896,812093,9271,798936,3886
15/08/2022,897,812196,9272,799087,3837
16/08/2022,898,812300,9272,799219,3809
17/08/2022,899,812397,9273,799354,3770
18/08/2022,900,812486,9274,799473,3739
19/08/2022,901,812550,9276,799583,3691
20/08/2022,902,812624,9277,799691,3656
21/08/2022,903,812736,9280,799817,3639
22/08/2022,904,812824,9280,799914,3630
23/08/2022,905,812903,9282,800023,3598
24/08/2022,906,812975,9284,800134,3557
25/08/2022,907,813042,9287,800221,3534
26/08/2022,908,813107,9288,800300,3519
27/08/2022,909,813186,9289,800378,3519
28/08/2022,910,813284,9292,800481,3511
29/08/2022,911,813376,9293,800553,3530
30/08/2022,912,813461,9295,800618,3548
31/08/2022,913,813542,9297,800680,3565
1/9/22,914,813616,9299,800749,3568
2/9/22,915,813682,9302,800817,3563
3/9/22,916,813764,9303,800914,3547
4/9/22,917,813878,9306,801008,3564
5/9/22,918,813986,9309,801135,3542
6/9/22,919,814088,9310,801254,3524
7/9/22,920,814192,9312,801370,3510
8/9/22,921,814278,9313,801436,3529
9/9/22,922,814356,9315,801533,3508
10/9/22,923,814465,9316,801640,3509
11/9/22,924,814597,9317,801744,3536
12/9/22,925,814722,9320,801851,3551
13/09/2022,926,814829,9322,801961,3546
14/09/2022,927,814937,9324,802069,3544
15/09/2022,928,815035,9327,802182,3526
16/09/2022,929,815097,9330,802279,3488
17/09/2022,930,815195,9331,802386,3478
18/09/2022,931,815326,9332,802499,3495
19/09/2022,932,815431,9333,802624,3474
20/09/2022,933,815529,9335,802735,3459
21/09/2022,934,815609,9337,802840,3432
22/09/2022,935,815686,9340,802948,3398
23/09/2022,936,815743,9341,803035,3367
24/09/2022,937,815839,9342,803135,3362
25/09/2022,938,816000,9344,803250,3406
26/09/2022,939,816130,9347,803352,3431
27/09/2022,940,816262,9350,803452,3460
28/09/2022,941,816389,9351,803546,3492
29/09/2022,942,816498,9352,803623,3523
30/09/2022,943,816575,9353,803694,3528
1/10/22,944,816664,9355,803790,3519
2/10/22,945,816820,9357,803909,3554
3/10/22,946,816975,9360,804033,3582
4/10/22,947,817127,9361,804146,3620
5/10/22,948,817264,9362,804269,3633
6/10/22,949,817403,9364,804375,3664
7/10/22,950,817490,9365,804467,3658
8/10/22,951,817612,9368,804569,3675
9/10/22,952,817838,9369,804679,3790
10/10/22,953,818033,9372,804812,3849
11/10/22,954,818236,9374,804955,3907
12/10/22,955,818427,9376,805095,3956
13/10/2022,956,818592,9379,805244,3969
14/10/2022,957,818698,9380,805353,3965
15/10/2022,958,818837,9381,805463,3993
16/10/2022,959,819083,9383,805670,4030
17/10/2022,960,819323,9384,805851,4088
18/10/2022,961,819570,9387,806046,4137
19/10/2022,962,819811,9390,806237,4184
